T1-09-08,A,9,SOFO - Deluxe,End,South West,771,557700
T1-09-09,A,9,Premium Suite B,End,North East,1416,954640
T1-09-10,A,9,Premium Suite B,Int,South West,1416,956640
T1-09-11,A,9,SOFO - Deluxe,Int,North East,771,544700
T1-09-12,A,9,SOFO - Standard,End,South West,644,468800
T1-09-13,A,9,SOFO - Deluxe,Int,North East,771,554700
T1-09-12A,A,9,SOFO - Deluxe,End,North West,771,562700
T1-09-15,A,9,SOFO - Standard,Int,North East,644,465800
T1-09-16A,A,9,SOFO - Deluxe,Int,North West,771,554700
T1-09-16B,A,9,SOFO - Standard,Int,North West,771,554700
T1-09-17,A,9,SOFO - Standard,Int,North East,644,465800
T1-09-18,A,9,Premium Suite A,Cor,South West,1308,905200
T1-09-19,A,9,SOFO - Deluxe,Int,North East,771,554700
T1-09-21,A,9,SOFO - Deluxe,Int,North East,771,544700
T1-09-23,A,9,SOFO - Standard,Int,North East,644,455800
T1-09-25,A,9,SOFO - Deluxe,End,North East,771,562700
T1-09-27,A,9,Premium Suite C,End,South East,1416,964640
T1-09-29,A,9,SOFO - Deluxe,Int,South East,771,554700
T1-09-31,A,9,SOFO - Standard,Int,South East,644,465800
T1-10-01,A,10,SOFO - Standard,Int,North West,644,469800
T1-10-02,A,10,Premium Suite A,Cor,South West,1308,887200
T1-10-03,A,10,SOFO - Standard,Int,North West,644,454800
T1-10-02A,A,10,Premium Suite C,Int,South East,1416,943640
T1-10-05,A,10,SOFO - Standard,Int,North West,644,454800
T1-10-06,A,10,SOFO - Deluxe,End,South East,771,556700
T1-10-07,A,10,SOFO - Standard,End,North West,644,472800
T1-10-08,A,10,SOFO - Deluxe,End,South West,771,546700
T1-10-09,A,10,Premium Suite B,End,North East,1416,941640
T1-10-10,A,10,Premium Suite B,Int,South West,1416,943640
T1-10-11,A,10,SOFO - Deluxe,Int,North East,771,533700
T1-10-12,A,10,SOFO - Standard,End,South West,644,457800
T1-10-13,A,10,SOFO - Deluxe,Int,North East,771,543700
T1-10-12A,A,10,SOFO - Deluxe,End,North West,771,556700
T1-10-15,A,10,SOFO - Standard,Int,North East,644,454800
T1-10-16A,A,10,SOFO - Deluxe,Int,North West,771,573700
T1-10-16B,A,10,SOFO - Standard,Int,North West,644,474800
T1-10-17,A,10,SOFO - Standard,Int,North East,644,454800
T1-10-18,A,10,Premium Suite A,Cor,South West,1308,887200
T1-10-19,A,10,SOFO - Deluxe,Int,North East,771,543700
T1-10-21,A,10,SOFO - Deluxe,Int,North East,771,533700
T1-10-23,A,10,Premium Suite B,End,North East,1416,941640
T1-10-25,A,10,Premium Suite C,End,North East,1416,961640
T1-10-27,A,10,SOFO - Deluxe,Int,South East,771,543700
T1-10-29,A,10,SOFO - Standard,Int,South East,644,449800
T1-11-01,A,11,SOFO - Standard,Int,North West,644,473800
T1-11-02,A,11,Premium Suite A,Cor,South West,1308,889200
T1-11-03,A,11,SOFO - Standard,Int,North West,644,458800
T1-11-02A,A,11,Premium Suite C,Int,South East,1416,945640
T1-11-05,A,11,SOFO - Standard,Int,North West,644,458800
T1-11-06,A,11,SOFO - Deluxe,End,South East,771,560700
T1-11-07,A,11,SOFO - Standard,End,North West,644,476800
T1-11-08,A,11,SOFO - Deluxe,End,South West,771,550700
T1-11-09,A,11,Premium Suite B,End,North East,1416,943640
T1-11-10,A,11,Premium Suite B,Int,South West,1416,945640
T1-11-11,A,11,SOFO - Deluxe,Int,North East,771,537700
T1-11-12,A,11,SOFO - Standard,End,South West,644,461800
T1-11-13,A,11,SOFO - Deluxe,Int,North East,771,547700
T1-11-12A,A,11,SOFO - Deluxe,End,North West,771,560700
T1-11-15,A,11,SOFO - Standard,Int,North East,644,458800
T1-11-16A,A,11,SOFO - Deluxe,Int,North West,771,597700
T1-11-16B,A,11,SOFO - Standard,Int,North West,644,498800
T1-11-17,A,11,SOFO - Standard,Int,North East,644,458800
T1-11-18,A,11,Premium Suite A,Cor,South West,1308,889200
T1-11-19,A,11,SOFO - Deluxe,Int,North East,771,547700
T1-11-21,A,11,SOFO - Deluxe,Int,North East,771,537700
T1-11-23,A,11,Premium Suite B,End,North East,1416,943640
T1-11-25,A,11,Premium Suite C,End,North East,1416,963640
T1-11-27,A,11,SOFO - Deluxe,Int,South East,771,547700
T1-11-29,A,11,SOFO - Standard,Int,South East,644,453800
T1-12-01,A,12,SOFO - Standard,Int,North West,644,477800
T1-12-02,A,12,Premium Suite A,Cor,South West,1308,891200
T1-12-03,A,12,SOFO - Standard,Int,North West,644,462800
T1-12-02A,A,12,Premium Suite C,Int,South East,1416,947640
T1-12-05,A,12,SOFO - Standard,Int,North West,644,462800
T1-12-06,A,12,SOFO - Deluxe,End,South East,771,564700
T1-12-07,A,12,SOFO - Standard,End,North West,644,480800
T1-12-08,A,12,SOFO - Deluxe,End,South West,771,554700
T1-12-09,A,12,Premium Suite B,End,North East,1416,945640
T1-12-10,A,12,Premium Suite B,Int,South West,1416,947640
T1-12-11,A,12,SOFO - Deluxe,Int,North East,771,541700
T1-12-12,A,12,SOFO - Standard,End,South West,644,465800
T1-12-13,A,12,SOFO - Deluxe,Int,North East,771,551700
T1-12-12A,A,12,SOFO - Deluxe,End,North West,771,564700
T1-12-15,A,12,SOFO - Standard,Int,North East,644,462800
T1-12-16A,A,12,SOFO - Deluxe,Int,North West,771,601700
T1-12-16B,A,12,SOFO - Standard,Int,North West,644,502800
T1-12-17,A,12,SOFO - Standard,Int,North East,644,462800
T1-12-18,A,12,Premium Suite A,Cor,South West,1308,891200
T1-12-19,A,12,SOFO - Deluxe,Int,North East,771,551700
T1-12-21,A,12,SOFO - Deluxe,Int,North East,771,541700
T1-12-23,A,12,Premium Suite B,End,North East,1416,945640
T1-12-25,A,12,Premium Suite C,End,North East,1416,965640
T1-12-27,A,12,SOFO - Deluxe,Int,South East,771,551700
T1-12-29,A,12,SOFO - Standard,Int,South East,644,457800
T1-13-01,A,13,SOFO - Standard,Int,North West,644,481800
T1-13-02,A,13,Premium Suite A,Cor,South West,1308,893200
T1-13-03,A,13,SOFO - Standard,Int,North West,644,466800
T1-13-02A,A,13,Premium Suite C,Int,South East,1416,949640
T1-13-05,A,13,SOFO - Standard,Int,North West,644,466800
T1-13-06,A,13,SOFO - Deluxe,End,South East,771,568700
T1-13-07,A,13,SOFO - Standard,End,North West,644,484800
T1-13-08,A,13,SOFO - Deluxe,End,South West,771,558700
T1-13-09,A,13,Premium Suite B,End,North East,1416,947640
T1-13-10,A,13,Premium Suite B,Int,South West,1416,949640
T1-13-11,A,13,SOFO - Deluxe,Int,North East,771,545700
T1-13-12,A,13,SOFO - Standard,End,South West,644,469800
T1-13-13,A,13,SOFO - Deluxe,Int,North East,771,555700
T1-13-12A,A,13,SOFO - Deluxe,End,North West,771,568700
T1-13-15,A,13,SOFO - Standard,Int,North East,644,466800
T1-13-16A,A,13,SOFO - Deluxe,Int,North West,771,605700
T1-13-16B,A,13,SOFO - Standard,Int,North West,644,506800
T1-13-17,A,13,SOFO - Standard,Int,North East,644,466800
T1-13-18,A,13,Premium Suite A,Cor,South West,1308,893200
T1-13-19,A,13,SOFO - Deluxe,Int,North East,771,555700
T1-13-21,A,13,SOFO - Deluxe,Int,North East,771,545700
T1-13-23,A,13,Premium Suite B,End,North East,1416,947640
T1-13-25,A,13,Premium Suite C,End,North East,1416,967640
T1-13-27,A,13,SOFO - Deluxe,Int,South East,771,555700
T1-13-29,A,13,SOFO - Standard,Int,South East,644,461800
T1-13A-01,A,13A,SOFO - Standard,Int,North West,644,485800
T1-13A-02,A,13A,Premium Suite A,Cor,South West,1308,895200
T1-13A-03,A,13A,SOFO - Standard,Int,North West,644,470800
T1-13A-02A,A,13A,Premium Suite C,Int,South East,1416,951640
T1-13A-05,A,13A,SOFO - Standard,Int,North West,644,470800
T1-13A-06,A,13A,SOFO - Deluxe,End,South East,771,572700
T1-13A-07,A,13A,SOFO - Standard,End,North West,644,488800
T1-13A-08,A,13A,SOFO - Deluxe,End,South West,771,562700
T1-13A-09,A,13A,Premium Suite B,End,North East,1416,949640
T1-13A-10,A,13A,Premium Suite B,Int,South West,1416,951640
T1-13A-11,A,13A,SOFO - Deluxe,Int,North East,771,549700
T1-13A-12,A,13A,SOFO - Standard,End,South West,644,473800
T1-13A-13,A,13A,SOFO - Deluxe,Int,North East,771,559700
T1-13A-12A,A,13A,SOFO - Deluxe,End,North West,771,572700
T1-13A-15,A,13A,SOFO - Standard,Int,North East,644,470800
T1-13A-16A,A,13A,SOFO - Deluxe,Int,North West,771,609700
T1-13A-16B,A,13A,SOFO - Standard,Int,North West,644,510800
T1-13A-17,A,13A,SOFO - Standard,Int,North East,644,470800
T1-13A-18,A,13A,Premium Suite A,Cor,South West,1308,895200
T1-13A-19,A,13A,SOFO - Deluxe,Int,North East,771,559700
T1-13A-21,A,13A,SOFO - Deluxe,Int,North East,771,549700
T1-13A-23,A,13A,Premium Suite B,End,North East,1416,949640
T1-13A-25,A,13A,Premium Suite C,End,North East,1416,969640
T1-13A-27,A,13A,SOFO - Deluxe,Int,South East,771,559700
T1-13A-29,A,13A,SOFO - Standard,Int,South East,644,465800
T1-15-01,A,15,SOFO - Standard,Int,North West,644,489800
T1-15-02,A,15,Premium Suite A,Cor,South West,1308,897200
T1-15-03,A,15,SOFO - Standard,Int,North West,644,474800
T1-15-02A,A,15,Premium Suite C,Int,South East,1416,953640
T1-15-05,A,15,SOFO - Standard,Int,North West,644,474800
T1-15-06,A,15,SOFO - Deluxe,End,South East,771,576700
T1-15-07,A,15,SOFO - Standard,End,North West,644,492800
T1-15-08,A,15,SOFO - Deluxe,End,South West,771,566700
T1-15-09,A,15,Premium Suite B,End,North East,1416,951640
T1-15-10,A,15,Premium Suite B,Int,South West,1416,953640
T1-15-11,A,15,SOFO - Deluxe,Int,North East,771,553700
T1-15-12,A,15,SOFO - Standard,End,South West,644,477800
T1-15-13,A,15,SOFO - Deluxe,Int,North East,771,563700
T1-15-12A,A,15,SOFO - Deluxe,End,North West,771,576700
T1-15-15,A,15,SOFO - Standard,Int,North East,644,474800
T1-15-16A,A,15,SOFO - Deluxe,Int,North West,771,613700
T1-15-16B,A,15,SOFO - Standard,Int,North West,644,514800
T1-15-17,A,15,SOFO - Standard,Int,North East,644,474800
T1-15-18,A,15,Premium Suite A,Cor,South West,1308,897200
T1-15-19,A,15,SOFO - Deluxe,Int,North East,771,563700
T1-15-21,A,15,SOFO - Deluxe,Int,North East,771,553700
T1-15-23,A,15,Premium Suite B,End,North East,1416,951640
T1-15-25,A,15,Premium Suite C,End,North East,1416,971640
T1-15-27,A,15,SOFO - Deluxe,Int,South East,771,563700
T1-15-29,A,15,SOFO - Standard,Int,South East,644,469800
T1-16-01,A,16,SOFO - Standard,Int,North West,644,493800
T1-16-02,A,16,Premium Suite A,Cor,South West,1308,899200
T1-16-03,A,16,SOFO - Standard,Int,North West,644,478800
T1-16-02A,A,16,Premium Suite C,Int,South East,1416,955640
T1-16-05,A,16,SOFO - Standard,Int,North West,644,478800
T1-16-06,A,16,SOFO - Deluxe,End,South East,771,580700
T1-16-07,A,16,SOFO - Standard,End,North West,644,496800
T1-16-08,A,16,SOFO - Deluxe,End,South West,771,570700
T1-16-09,A,16,Premium Suite B,End,North East,1416,953640
T1-16-10,A,16,Premium Suite B,Int,South West,1416,955640
T1-16-11,A,16,SOFO - Deluxe,Int,North East,771,557700
T1-16-12,A,16,SOFO - Standard,End,South West,644,481800
T1-16-13,A,16,SOFO - Deluxe,Int,North East,771,567700
T1-16-12A,A,16,SOFO - Deluxe,End,North West,771,580700
T1-16-15,A,16,SOFO - Standard,Int,North East,644,478800
T1-16-16A,A,16,SOFO - Deluxe,Int,North West,771,617700
T1-16-16B,A,16,SOFO - Standard,Int,North West,644,518800
T1-16-17,A,16,SOFO - Standard,Int,North East,644,478800
T1-16-18,A,16,Premium Suite A,Cor,South West,1308,899200
T1-16-19,A,16,SOFO - Deluxe,Int,North East,771,567700
T1-16-21,A,16,SOFO - Deluxe,Int,North East,771,557700
T1-16-23,A,16,Premium Suite B,End,North East,1416,953640
T1-16-25,A,16,Premium Suite C,End,North East,1416,973640
T1-16-27,A,16,SOFO - Deluxe,Int,South East,771,567700
T1-16-29,A,16,SOFO - Standard,Int,South East,644,473800
T1-17-01,A,17,SOFO - Standard,Int,North West,644,497800
T1-17-02,A,17,Premium Suite A,Cor,South West,1308,901200
T1-17-03,A,17,SOFO - Standard,Int,North West,644,482800
T1-17-02A,A,17,Premium Suite C,Int,South East,1416,957640
T1-17-05,A,17,SOFO - Standard,Int,North West,644,482800
T1-17-06,A,17,SOFO - Deluxe,End,South East,771,584700
T1-17-07,A,17,SOFO - Standard,End,North West,644,500800
T1-17-08,A,17,SOFO - Deluxe,End,South West,771,564700
T1-17-09,A,17,Premium Suite B,End,North East,1416,955640
T1-17-10,A,17,Premium Suite B,Int,South West,1416,947640
T1-17-11,A,17,SOFO - Deluxe,Int,North East,771,561700
T1-17-12,A,17,SOFO - Standard,End,South West,644,475800
T1-17-12A,A,17,SOFO - Deluxe,End,North West,771,584700
T1-17-16A,A,17,SOFO - Deluxe,Int,North West,771,621700
T1-17-16B,A,17,SOFO - Standard,Int,North West,644,522800
T1-17-18,A,17,Premium Suite A,Cor,South West,1308,901200
T1-17-21,A,17,SOFO - Deluxe,Int,North East,771,561700
T1-17-23,A,17,Premium Suite B,End,North East,1416,955640
T1-17-25,A,17,Premium Suite C,End,North East,1416,975640
T1-17-27,A,17,SOFO - Deluxe,Int,South East,771,571700
T1-17-29,A,17,SOFO - Standard,Int,South East,644,477800
T1-18-01,A,18,SOFO - Standard,Int,North West,644,501800
T1-18-02,A,18,Premium Suite A,Cor,South West,1308,903200
T1-18-03,A,18,SOFO - Standard,Int,North West,644,486800
T1-18-02A,A,18,Premium Suite C,Int,South East,1416,959640
T1-18-05,A,18,SOFO - Standard,Int,North West,644,486800
T1-18-06,A,18,SOFO - Deluxe,End,South East,771,588700
T1-18-07,A,18,SOFO - Standard,End,North West,644,504800
T1-18-08,A,18,SOFO - Deluxe,End,South West,771,578700
T1-18-09,A,18,Premium Suite B,End,North East,1416,957640
T1-18-10,A,18,Premium Suite B,Int,South West,1416,959640
T1-18-11,A,18,SOFO - Deluxe,Int,North East,771,565700
T1-18-12,A,18,SOFO - Standard,End,South West,644,489800
T1-18-13,A,18,SOFO - Deluxe,Int,North East,771,575700
T1-18-12A,A,18,SOFO - Deluxe,End,North West,771,588700
T1-18-15,A,18,SOFO - Standard,Int,North East,644,486800
T1-18-16A,A,18,SOFO - Deluxe,Int,North West,771,625700
T1-18-16B,A,18,SOFO - Standard,Int,North West,644,526800
T1-18-17,A,18,SOFO - Standard,Int,North East,644,486800
T1-18-18,A,18,Premium Suite A,Cor,South West,1308,903200
T1-18-19,A,18,SOFO - Deluxe,Int,North East,771,575700
T1-18-21,A,18,SOFO - Deluxe,Int,North East,771,565700
T1-18-23,A,18,Premium Suite B,End,North East,1416,957640
T1-18-25,A,18,Premium Suite C,End,North East,1416,977640
T1-18-27,A,18,SOFO - Deluxe,Int,South East,771,575700
T1-18-29,A,18,SOFO - Standard,Int,South East,644,481800
T1-19-01,A,19,SOFO - Standard,Int,North West,644,505800
T1-19-02,A,19,Premium Suite A,Cor,South West,1308,905200
T1-19-03,A,19,SOFO - Standard,Int,North West,644,490800
T1-19-02A,A,19,Premium Suite C,Int,South East,1416,961640
T1-19-05,A,19,SOFO - Standard,Int,North West,644,490800
T1-19-06,A,19,SOFO - Deluxe,End,South East,771,592700
T1-19-07,A,19,SOFO - Standard,End,North West,644,508800
T1-19-08,A,19,SOFO - Deluxe,End,South West,771,582700
T1-19-09,A,19,Premium Suite B,End,North East,1416,959640
T1-19-10,A,19,Premium Suite B,Int,South West,1416,961640
T1-19-11,A,19,SOFO - Deluxe,Int,North East,771,569700
T1-19-12,A,19,SOFO - Standard,End,South West,644,493800
T1-19-13,A,19,SOFO - Deluxe,Int,North East,771,579700
T1-19-12A,A,19,SOFO - Deluxe,End,North West,771,592700
T1-19-15,A,19,SOFO - Standard,Int,North East,644,490800
T1-19-16A,A,19,SOFO - Deluxe,Int,North West,771,629700
T1-19-16B,A,19,SOFO - Standard,Int,North West,644,530800
T1-19-17,A,19,SOFO - Standard,Int,North East,644,490800
T1-19-18,A,19,Premium Suite A,Cor,South West,1308,905200
T1-19-19,A,19,SOFO - Deluxe,Int,North East,771,579700
T1-19-21,A,19,SOFO - Deluxe,Int,North East,771,569700
T1-19-23,A,19,Premium Suite B,End,North East,1416,959640
T1-19-25,A,19,Premium Suite C,End,North East,1416,979640
T1-19-27,A,19,SOFO - Deluxe,Int,South East,771,579700
T1-19-29,A,19,SOFO - Standard,Int,South East,644,485800
T1-20-01,A,20,SOFO - Standard,Int,North West,644,515800
T1-20-02,A,20,Premium Suite A,Cor,South West,1308,913200
T1-20-03,A,20,SOFO - Standard,Int,North West,644,495800
T1-20-02A,A,20,Premium Suite C,Int,South East,1416,964640
T1-20-05,A,20,SOFO - Standard,Int,North West,644,495800
T1-20-06,A,20,SOFO - Deluxe,End,South East,771,597700
T1-20-07,A,20,SOFO - Standard,End,North West,644,513800
T1-20-08,A,20,SOFO - Deluxe,End,South West,771,587700
T1-20-09,A,20,Premium Suite B,End,North East,1416,962640
T1-20-10,A,20,Premium Suite B,Int,South West,1416,964640
T1-20-11,A,20,SOFO - Deluxe,Int,North East,771,574700
T1-20-12,A,20,SOFO - Standard,End,South West,644,498800
T1-20-13,A,20,SOFO - Deluxe,Int,North East,771,584700
T1-20-12A,A,20,SOFO - Deluxe,End,North West,771,597700
T1-20-15,A,20,SOFO - Standard,Int,North East,644,495800
T1-20-16A,A,20,SOFO - Deluxe,Int,North West,771,639700
T1-20-16B,A,20,SOFO - Standard,Int,North West,644,540800
T1-20-17,A,20,SOFO - Standard,Int,North East,644,495800
T1-20-18,A,20,Premium Suite A,Cor,South West,1308,913200
T1-20-19,A,20,SOFO - Deluxe,Int,North East,771,584700
T1-20-21,A,20,SOFO - Deluxe,Int,North East,771,574700
T1-20-23,A,20,Premium Suite B,End,North East,1416,962640
T1-20-25,A,20,Premium Suite C,End,North East,1416,982640
T1-20-27,A,20,SOFO - Deluxe,Int,South East,771,584700
T1-20-29,A,20,SOFO - Standard,Int,South East,644,490800
T1-21-01,A,21,SOFO - Standard,Int,North West,644,520800
T1-21-02,A,21,Premium Suite A,Cor,South West,1308,916200
T1-21-03,A,21,SOFO - Standard,Int,North West,644,500800
T1-21-02A,A,21,Premium Suite C,Int,South East,1416,967640
T1-21-05,A,21,SOFO - Standard,Int,North West,644,500800
T1-21-06,A,21,SOFO - Deluxe,End,South East,771,602700
T1-21-07,A,21,SOFO - Standard,End,North West,644,518800
T1-21-08,A,21,SOFO - Deluxe,End,South West,771,592700
T1-21-09,A,21,Premium Suite B,End,North East,1416,965640
T1-21-10,A,21,Premium Suite B,Int,South West,1416,967640
T1-21-11,A,21,SOFO - Deluxe,Int,North East,771,579700
T1-21-12,A,21,SOFO - Standard,End,South West,644,503800
T1-21-13,A,21,SOFO - Deluxe,Int,North East,771,589700
T1-21-12A,A,21,SOFO - Deluxe,End,North West,771,602700
T1-21-15,A,21,SOFO - Standard,Int,North East,644,500800
T1-21-16A,A,21,SOFO - Deluxe,Int,North West,771,644700
T1-21-16B,A,21,SOFO - Standard,Int,North West,644,545800
T1-21-17,A,21,SOFO - Standard,Int,North East,644,500800
T1-21-18,A,21,Premium Suite A,Cor,South West,1308,916200
T1-21-19,A,21,SOFO - Deluxe,Int,North East,771,589700
T1-21-21,A,21,SOFO - Deluxe,Int,North East,771,579700
T1-21-23,A,21,Premium Suite B,End,North East,1416,965640
T1-21-25,A,21,Premium Suite C,End,North East,1416,985640
T1-21-27,A,21,SOFO - Deluxe,Int,South East,771,589700
T1-21-29,A,21,SOFO - Standard,Int,South East,644,495800
T1-22-01,A,22,SOFO - Standard,Int,North West,644,525800
T1-22-02,A,22,Premium Suite A,Cor,South West,1308,919200
T1-22-03,A,22,SOFO - Standard,Int,North West,644,505800
T1-22-02A,A,22,Premium Suite C,Int,South East,1416,970640
T1-22-05,A,22,SOFO - Standard,Int,North West,644,505800
T1-22-06,A,22,SOFO - Deluxe,End,South East,771,607700
T1-22-07,A,22,SOFO - Standard,End,North West,644,523800
T1-22-08,A,22,SOFO - Deluxe,End,South West,771,597700
T1-22-09,A,22,Premium Suite B,End,North East,1416,968640
T1-22-10,A,22,Premium Suite B,Int,South West,1416,970640
T1-22-11,A,22,SOFO - Deluxe,Int,North East,771,584700
T1-22-12,A,22,SOFO - Standard,End,South West,644,508800
T1-22-13,A,22,SOFO - Deluxe,Int,North East,771,594700
T1-22-12A,A,22,SOFO - Deluxe,End,North West,771,607700
T1-22-15,A,22,SOFO - Standard,Int,North East,644,505800
T1-22-16A,A,22,SOFO - Deluxe,Int,North West,771,649700
T1-22-16B,A,22,SOFO - Standard,Int,North West,644,550800
T1-22-17,A,22,SOFO - Standard,Int,North East,644,505800
T1-22-18,A,22,Premium Suite A,Cor,South West,1308,919200
T1-22-19,A,22,SOFO - Deluxe,Int,North East,771,594700
T1-22-21,A,22,SOFO - Deluxe,Int,North East,771,584700
T1-22-23,A,22,Premium Suite B,End,North East,1416,968640
T1-22-25,A,22,Premium Suite C,End,North East,1416,988640
T1-22-27,A,22,SOFO - Deluxe,Int,South East,771,594700
T1-22-29,A,22,SOFO - Standard,Int,South East,644,500800
T1-23-01,A,23,SOFO - Standard,Int,North West,644,530800
T1-23-02,A,23,Premium Suite A,Cor,South West,1308,922200
T1-23-03,A,23,SOFO - Standard,Int,North West,644,510800
T1-23-02A,A,23,Premium Suite C,Int,South East,1416,973640
T1-23-05,A,23,SOFO - Standard,Int,North West,644,510800
T1-23-06,A,23,SOFO - Deluxe,End,South East,771,612700
T1-23-07,A,23,SOFO - Standard,End,North West,644,528800
T1-23-08,A,23,SOFO - Deluxe,End,South West,771,602700
T1-23-09,A,23,Premium Suite B,End,North East,1416,971640
T1-23-10,A,23,Premium Suite B,Int,South West,1416,973640
T1-23-11,A,23,SOFO - Deluxe,Int,North East,771,589700
T1-23-12,A,23,SOFO - Standard,End,South West,644,513800
T1-23-13,A,23,SOFO - Deluxe,Int,North East,771,599700
T1-23-12A,A,23,SOFO - Deluxe,End,North West,771,612700
T1-23-15,A,23,SOFO - Standard,Int,North East,644,510800
T1-23-16A,A,23,SOFO - Deluxe,Int,North West,771,654700
T1-23-16B,A,23,SOFO - Standard,Int,North West,644,555800
T1-23-17,A,23,SOFO - Standard,Int,North East,644,510800
T1-23-18,A,23,Premium Suite A,Cor,South West,1308,922200
T1-23-19,A,23,SOFO - Deluxe,Int,North East,771,599700
T1-23-21,A,23,SOFO - Deluxe,Int,North East,771,589700
T1-23-23,A,23,Premium Suite B,End,North East,1416,971640
T1-23-25,A,23,Premium Suite C,End,North East,1416,991640
T1-23-27,A,23,SOFO - Deluxe,Int,South East,771,599700
T1-23-29,A,23,SOFO - Standard,Int,South East,644,505800
T1-23A-01,A,23A,SOFO - Standard,Int,North West,644,535800
T1-23A-02,A,23A,Premium Suite A,Cor,South West,1308,925200
T1-23A-03,A,23A,SOFO - Standard,Int,North West,644,515800
T1-23A-02A,A,23A,Premium Suite C,Int,South East,1416,976640
T1-23A-05,A,23A,SOFO - Standard,Int,North West,644,515800
T1-23A-06,A,23A,SOFO - Deluxe,End,South East,771,617700
T1-23A-07,A,23A,SOFO - Standard,End,North West,644,533800
T1-23A-08,A,23A,SOFO - Deluxe,End,South West,771,607700
T1-23A-09,A,23A,Premium Suite B,End,North East,1416,974640
T1-23A-10,A,23A,Premium Suite B,Int,South West,1416,966640
T1-23A-11,A,23A,SOFO - Deluxe,Int,North East,771,594700
T1-23A-12,A,23A,SOFO - Standard,End,South West,644,518800
T1-23A-13,A,23A,SOFO - Deluxe,Int,North East,771,604700
T1-23A-12A,A,23A,SOFO - Deluxe,End,North West,771,617700
T1-23A-15,A,23A,SOFO - Standard,Int,North East,644,515800
T1-23A-16A,A,23A,SOFO - Deluxe,Int,North West,771,659700
T1-23A-16B,A,23A,SOFO - Standard,Int,North West,644,560800
T1-23A-17,A,23A,SOFO - Standard,Int,North East,644,515800
T1-23A-18,A,23A,Premium Suite A,Cor,South West,1308,925200
T1-23A-19,A,23A,SOFO - Deluxe,Int,North East,771,604700
T1-23A-21,A,23A,SOFO - Deluxe,Int,North East,771,594700
T1-23A-23,A,23A,Premium Suite B,End,North East,1416,974640
T1-23A-25,A,23A,Premium Suite C,End,North East,1416,994640
T1-23A-27,A,23A,SOFO - Deluxe,Int,South East,771,604700
T1-23A-29,A,23A,SOFO - Standard,Int,South East,644,510800
T1-25-01,A,25,SOFO - Standard,Int,North West,644,540800
T1-25-02,A,25,Premium Suite A,Cor,South West,1308,928200
T1-25-03,A,25,SOFO - Standard,Int,North West,644,520800
T1-25-02A,A,25,Premium Suite C,Int,South East,1416,979640
T1-25-05,A,25,SOFO - Standard,Int,North West,644,520800
T1-25-06,A,25,SOFO - Deluxe,End,South East,771,622700
T1-25-07,A,25,SOFO - Standard,End,North West,644,538800
T1-25-08,A,25,SOFO - Deluxe,End,South West,771,612700
T1-25-09,A,25,Premium Suite B,End,North East,1416,977640
T1-25-10,A,25,Premium Suite B,Int,South West,1416,979640
T1-25-11,A,25,SOFO - Deluxe,Int,North East,771,599700
T1-25-12,A,25,SOFO - Standard,End,South West,644,523800
T1-25-13,A,25,SOFO - Deluxe,Int,North East,771,609700
T1-25-12A,A,25,SOFO - Deluxe,End,North West,771,622700
T1-25-15,A,25,SOFO - Standard,Int,North East,644,520800
T1-25-16A,A,25,SOFO - Deluxe,Int,North West,771,664700
T1-25-16B,A,25,SOFO - Standard,Int,North West,644,565800
T1-25-17,A,25,SOFO - Standard,Int,North East,644,520800
T1-25-18,A,25,Premium Suite A,Cor,South West,1308,928200
T1-25-19,A,25,SOFO - Deluxe,Int,North East,771,609700
T1-25-21,A,25,SOFO - Deluxe,Int,North East,771,599700
T1-25-23,A,25,Premium Suite B,End,North East,1416,977640
T1-25-25,A,25,Premium Suite C,End,North East,1416,997640
T1-25-27,A,25,SOFO - Deluxe,Int,South East,771,609700
T1-25-29,A,25,SOFO - Standard,Int,South East,644,515800
T1-26-01,A,26,SOFO - Standard,Int,North West,644,545800
T1-26-02,A,26,Premium Suite A,Cor,South West,1308,931200
T1-26-03,A,26,SOFO - Standard,Int,North West,644,525800
T1-26-02A,A,26,Premium Suite C,Int,South East,1416,982640
T1-26-05,A,26,SOFO - Standard,Int,North West,644,525800
T1-26-06,A,26,SOFO - Deluxe,End,South East,771,627700
T1-26-07,A,26,SOFO - Standard,End,North West,644,543800
T1-26-08,A,26,SOFO - Deluxe,End,South West,771,617700
T1-26-09,A,26,Premium Suite B,End,North East,1416,980640
T1-26-10,A,26,Premium Suite B,Int,South West,1416,982640
T1-26-11,A,26,SOFO - Deluxe,Int,North East,771,604700
T1-26-12,A,26,SOFO - Standard,End,South West,644,528800
T1-26-13,A,26,SOFO - Deluxe,Int,North East,771,614700
T1-26-12A,A,26,SOFO - Deluxe,End,North West,771,627700
T1-26-15,A,26,SOFO - Standard,Int,North East,644,525800
T1-26-16A,A,26,SOFO - Deluxe,Int,North West,771,669700
T1-26-16B,A,26,SOFO - Standard,Int,North West,644,570800
T1-26-17,A,26,SOFO - Standard,Int,North East,644,525800
T1-26-18,A,26,Premium Suite A,Cor,South West,1308,931200
T1-26-19,A,26,SOFO - Deluxe,Int,North East,771,614700
T1-26-21,A,26,SOFO - Deluxe,Int,North East,771,604700
T1-26-23,A,26,Premium Suite B,End,North East,1416,980640
T1-26-25,A,26,Premium Suite C,End,North East,1416,1000640
T1-26-27,A,26,SOFO - Deluxe,Int,South East,771,614700
T1-26-29,A,26,SOFO - Standard,Int,South East,644,520800
T1-27-01,A,27,SOFO - Standard,Int,North West,644,550800
T1-27-02,A,27,Premium Suite A,Cor,South West,1308,934200
T1-27-03,A,27,SOFO - Standard,Int,North West,644,530800
T1-27-02A,A,27,Premium Suite C,Int,South East,1416,985640
T1-27-05,A,27,SOFO - Standard,Int,North West,644,530800
T1-27-06,A,27,SOFO - Deluxe,End,South East,771,632700
T1-27-07,A,27,SOFO - Standard,End,North West,644,548800
T1-27-08,A,27,SOFO - Deluxe,End,South West,771,622700
T1-27-09,A,27,Premium Suite B,End,North East,1416,983640
T1-27-10,A,27,Premium Suite B,Int,South West,1416,985640
T1-27-11,A,27,SOFO - Deluxe,Int,North East,771,609700
T1-27-12,A,27,SOFO - Standard,End,South West,644,533800
T1-27-13,A,27,SOFO - Deluxe,Int,North East,771,619700
T1-27-12A,A,27,SOFO - Deluxe,End,North West,771,632700
T1-27-15,A,27,SOFO - Standard,Int,North East,644,530800
T1-27-16A,A,27,SOFO - Deluxe,Int,North West,771,674700
T1-27-16B,A,27,SOFO - Standard,Int,North West,644,575800
T1-27-17,A,27,SOFO - Standard,Int,North East,644,530800
T1-27-18,A,27,Premium Suite A,Cor,South West,1308,934200
T1-27-19,A,27,SOFO - Deluxe,Int,North East,771,619700
T1-27-21,A,27,SOFO - Deluxe,Int,North East,771,609700
T1-27-23,A,27,Premium Suite B,End,North East,1416,983640
T1-27-25,A,27,Premium Suite C,End,North East,1416,1003640
T1-27-27,A,27,SOFO - Deluxe,Int,South East,771,619700
T1-27-29,A,27,SOFO - Standard,Int,South East,644,525800
T1-28-01,A,28,SOFO - Standard,Int,North West,644,555800
T1-28-02,A,28,Premium Suite A,Cor,South West,1308,937200
T1-28-03,A,28,SOFO - Standard,Int,North West,644,535800
T1-28-02A,A,28,Premium Suite C,Int,South East,1416,988640
T1-28-05,A,28,SOFO - Standard,Int,North West,644,535800
T1-28-06,A,28,SOFO - Deluxe,End,South East,771,637700
T1-28-07,A,28,SOFO - Standard,End,North West,644,553800
T1-28-08,A,28,SOFO - Deluxe,End,South West,771,627700
T1-28-09,A,28,Premium Suite B,End,North East,1416,986640
T1-28-10,A,28,Premium Suite B,Int,South West,1416,988640
T1-28-11,A,28,SOFO - Deluxe,Int,North East,771,614700
T1-28-12,A,28,SOFO - Standard,End,South West,644,538800
T1-28-13,A,28,SOFO - Deluxe,Int,North East,771,624700
T1-28-12A,A,28,SOFO - Deluxe,End,North West,771,637700
T1-28-15,A,28,SOFO - Standard,Int,North East,644,535800
T1-28-16A,A,28,SOFO - Deluxe,Int,North West,771,552630
T1-28-16B,A,28,SOFO - Standard,Int,North West,644,461010
T1-28-17,A,28,SOFO - Standard,Int,North East,644,535800
T1-28-18,A,28,Premium Suite A,Cor,South West,1308,937200
T1-28-19,A,28,SOFO - Deluxe,Int,North East,771,624700
T1-28-21,A,28,SOFO - Deluxe,Int,North East,771,614700
T1-28-23,A,28,Premium Suite B,End,North East,1416,986640
T1-28-25,A,28,Premium Suite C,End,North East,1416,1006640
T1-28-27,A,28,SOFO - Deluxe,Int,South East,771,624700
T1-28-29,A,28,SOFO - Standard,Int,South East,644,530800
T1-29-01,A,29,SOFO - Standard,Int,North West,644,560800
T1-29-02,A,29,Premium Suite A,Cor,South West,1308,940200
T1-29-03,A,29,SOFO - Standard,Int,North West,644,540800
T1-29-02A,A,29,Premium Suite C,Int,South East,1416,991640
T1-29-05,A,29,SOFO - Standard,Int,North West,644,540800
T1-29-06,A,29,SOFO - Deluxe,End,South East,771,642700
T1-29-07,A,29,SOFO - Standard,End,North West,644,558800
T1-29-08,A,29,SOFO - Deluxe,End,South West,771,632700
T1-29-09,A,29,Premium Suite B,End,North East,1416,989640
T1-29-10,A,29,Premium Suite B,Int,South West,1416,991640
T1-29-11,A,29,SOFO - Deluxe,Int,North East,771,619700
T1-29-12,A,29,SOFO - Standard,End,South West,644,543800
T1-29-13,A,29,SOFO - Deluxe,Int,North East,771,629700
T1-29-12A,A,29,SOFO - Deluxe,End,North West,771,642700
T1-29-15,A,29,SOFO - Standard,Int,North East,644,540800
T1-29-16A,A,29,SOFO - Deluxe,Int,North West,771,684700
T1-29-16B,A,29,SOFO - Standard,Int,North West,644,585800
T1-29-17,A,29,SOFO - Standard,Int,North East,644,540800
T1-29-18,A,29,Premium Suite A,Cor,South West,1308,940200
T1-29-19,A,29,SOFO - Deluxe,Int,North East,771,629700
T1-29-21,A,29,SOFO - Deluxe,Int,North East,771,619700
T1-29-23,A,29,Premium Suite B,End,North East,1416,989640
T1-29-25,A,29,Premium Suite C,End,North East,1416,1009640
T1-29-27,A,29,SOFO - Deluxe,Int,South East,771,629700
T1-29-29,A,29,SOFO - Standard,Int,South East,644,535800
T1-30-01,A,30,SOFO - Standard,Int,North West,644,565800
T1-30-02,A,30,Premium Suite A,Cor,South West,1308,943200
T1-30-03,A,30,SOFO - Standard,Int,North West,644,545800
T1-30-02A,A,30,Premium Suite C,Int,South East,1416,994640
T1-30-05,A,30,SOFO - Standard,Int,North West,644,545800
T1-30-06,A,30,SOFO - Deluxe,End,South East,771,647700
T1-30-07,A,30,SOFO - Standard,End,North West,644,563800
T1-30-08,A,30,SOFO - Deluxe,End,South West,771,637700
T1-30-09,A,30,Premium Suite B,End,North East,1416,992640
T1-30-10,A,30,Premium Suite B,Int,South West,1416,994640
T1-30-11,A,30,SOFO - Deluxe,Int,North East,771,624700
T1-30-12,A,30,SOFO - Standard,End,South West,644,548800
T1-30-13,A,30,SOFO - Deluxe,Int,North East,771,634700
T1-30-12A,A,30,SOFO - Deluxe,End,North West,771,647700
T1-30-15,A,30,SOFO - Standard,Int,North East,644,545800
T1-30-16A,A,30,SOFO - Deluxe,Int,North West,771,689700
T1-30-16B,A,30,SOFO - Standard,Int,North West,644,590800
T1-30-17,A,30,SOFO - Standard,Int,North East,644,545800
T1-30-18,A,30,Premium Suite A,Cor,South West,1308,943200
T1-30-19,A,30,SOFO - Deluxe,Int,North East,771,634700
T1-30-21,A,30,SOFO - Deluxe,Int,North East,771,624700
T1-30-23,A,30,Premium Suite B,End,North East,1416,992640
T1-30-25,A,30,Premium Suite C,End,North East,1416,1012640
T1-30-27,A,30,SOFO - Deluxe,Int,South East,771,634700
T1-30-29,A,30,SOFO - Standard,Int,South East,644,540800
T1-31-01,A,31,SOFO - Standard,Int,North West,644,570800
T1-31-02,A,31,Premium Suite A,Cor,South West,1308,946200
T1-31-03,A,31,SOFO - Standard,Int,North West,644,550800
T1-31-02A,A,31,Premium Suite C,Int,South East,1416,997640
T1-31-05,A,31,SOFO - Standard,Int,North West,644,550800
T1-31-06,A,31,SOFO - Deluxe,End,South East,771,652700
T1-31-07,A,31,SOFO - Standard,End,North West,644,568800
T1-31-08,A,31,SOFO - Deluxe,End,South West,771,642700
T1-31-09,A,31,Premium Suite B,End,North East,1416,995640
T1-31-10,A,31,Premium Suite B,Int,South West,1416,997640
T1-31-11,A,31,SOFO - Deluxe,Int,North East,771,629700
T1-31-12,A,31,SOFO - Standard,End,South West,644,553800
T1-31-13,A,31,SOFO - Deluxe,Int,North East,771,639700
T1-31-12A,A,31,SOFO - Deluxe,End,North West,771,652700
T1-31-15,A,31,SOFO - Standard,Int,North East,644,550800
T1-31-16A,A,31,SOFO - Deluxe,Int,North West,771,694700
T1-31-16B,A,31,SOFO - Standard,Int,North West,644,595800
T1-31-17,A,31,SOFO - Standard,Int,North East,644,550800
T1-31-18,A,31,Premium Suite A,Cor,South West,1308,946200
T1-31-19,A,31,SOFO - Deluxe,Int,North East,771,639700
T1-31-21,A,31,SOFO - Deluxe,Int,North East,771,629700
T1-31-23,A,31,Premium Suite B,End,North East,1416,995640
T1-31-25,A,31,Premium Suite C,End,North East,1416,1015640
T1-31-27,A,31,SOFO - Deluxe,Int,South East,771,639700
T1-31-29,A,31,SOFO - Standard,Int,South East,644,545800
T1-32-01,A,32,SOFO - Standard,Int,North West,644,575800
T1-32-02,A,32,Premium Suite A,Cor,South West,1308,949200
T1-32-03,A,32,SOFO - Standard,Int,North West,644,555800
T1-32-02A,A,32,Premium Suite C,Int,South East,1416,1000640
T1-32-05,A,32,SOFO - Standard,Int,North West,644,555800
T1-32-06,A,32,SOFO - Deluxe,End,South East,771,657700
T1-32-07,A,32,SOFO - Standard,End,North West,644,573800
T1-32-08,A,32,SOFO - Deluxe,End,South West,771,647700
T1-32-09,A,32,Premium Suite B,End,North East,1416,998640
T1-32-10,A,32,Premium Suite B,Int,South West,1416,1000640
T1-32-11,A,32,SOFO - Deluxe,Int,North East,771,634700
T1-32-12,A,32,SOFO - Standard,End,South West,644,558800
T1-32-13,A,32,SOFO - Deluxe,Int,North East,771,644700
T1-32-12A,A,32,SOFO - Deluxe,End,North West,771,657700
T1-32-15,A,32,SOFO - Standard,Int,North East,644,555800
T1-32-16A,A,32,SOFO - Deluxe,Int,North West,771,699700
T1-32-16B,A,32,SOFO - Standard,Int,North West,644,600800
T1-32-17,A,32,SOFO - Standard,Int,North East,644,555800
T1-32-18,A,32,Premium Suite A,Cor,South West,1308,949200
T1-32-19,A,32,SOFO - Deluxe,Int,North East,771,644700
T1-32-21,A,32,SOFO - Deluxe,Int,North East,771,634700
T1-32-23,A,32,Premium Suite B,End,North East,1416,998640
T1-32-25,A,32,Premium Suite C,End,North East,1416,1018640
T1-32-27,A,32,SOFO - Deluxe,Int,South East,771,644700
T1-32-29,A,32,SOFO - Standard,Int,South East,644,550800
T1-33-01,A,33,SOFO - Standard,Int,North West,644,580800
T1-33-02,A,33,Premium Suite A,Cor,South West,1308,952200
T1-33-03,A,33,SOFO - Standard,Int,North West,644,560800
T1-33-02A,A,33,Premium Suite C,Int,South East,1416,1003640
T1-33-05,A,33,SOFO - Standard,Int,North West,644,560800
T1-33-06,A,33,SOFO - Deluxe,End,South East,771,662700
T1-33-07,A,33,SOFO - Standard,End,North West,644,578800
T1-33-08,A,33,SOFO - Deluxe,End,South West,771,652700
T1-33-09,A,33,Premium Suite B,End,North East,1416,1001640
T1-33-10,A,33,Premium Suite B,Int,South West,1416,1003640
T1-33-11,A,33,SOFO - Deluxe,Int,North East,771,639700
T1-33-12,A,33,SOFO - Standard,End,South West,644,563800
T1-33-13,A,33,SOFO - Deluxe,Int,North East,771,649700
T1-33-12A,A,33,SOFO - Deluxe,End,North West,771,662700
T1-33-15,A,33,SOFO - Standard,Int,North East,644,560800
T1-33-16A,A,33,SOFO - Deluxe,Int,North West,771,704700
T1-33-16B,A,33,SOFO - Standard,Int,North West,644,605800
T1-33-17,A,33,SOFO - Standard,Int,North East,644,560800
T1-33-18,A,33,Premium Suite A,Cor,South West,1308,952200
T1-33-19,A,33,SOFO - Deluxe,Int,North East,771,649700
T1-33-21,A,33,SOFO - Deluxe,Int,North East,771,639700
T1-33-23,A,33,Premium Suite B,End,North East,1416,1001640
T1-33-25,A,33,Premium Suite C,End,North East,1416,1021640
T1-33-27,A,33,SOFO - Deluxe,Int,South East,771,649700
T1-33-29,A,33,SOFO - Standard,Int,South East,644,555800
T1-33A-01,A,33A,SOFO - Standard,Int,North West,644,585800
T1-33A-02,A,33A,Premium Suite A,Cor,South West,1308,955200
T1-33A-03,A,33A,SOFO - Standard,Int,North West,644,565800
T1-33A-02A,A,33A,Premium Suite C,Int,South East,1416,1006640
T1-33A-05,A,33A,SOFO - Standard,Int,North West,644,565800
T1-33A-06,A,33A,SOFO - Deluxe,End,South East,771,667700
T1-33A-07,A,33A,SOFO - Standard,End,North West,644,583800
T1-33A-08,A,33A,SOFO - Deluxe,End,South West,771,657700
T1-33A-09,A,33A,Premium Suite B,End,North East,1416,1004640
T1-33A-10,A,33A,Premium Suite B,Int,South West,1416,1006640
T1-33A-11,A,33A,SOFO - Deluxe,Int,North East,771,644700
T1-33A-12,A,33A,SOFO - Standard,End,South West,644,568800
T1-33A-13,A,33A,SOFO - Deluxe,Int,North East,771,654700
T1-33A-12A,A,33A,SOFO - Deluxe,End,North West,771,667700
T1-33A-15,A,33A,SOFO - Standard,Int,North East,644,565800
T1-33A-16A,A,33A,SOFO - Deluxe,Int,North West,771,709700
T1-33A-16B,A,33A,SOFO - Standard,Int,North West,644,610800
T1-33A-17,A,33A,SOFO - Standard,Int,North East,644,565800
T1-33A-18,A,33A,Premium Suite A,Cor,South West,1308,955200
T1-33A-19,A,33A,SOFO - Deluxe,Int,North East,771,654700
T1-33A-21,A,33A,SOFO - Deluxe,Int,North East,771,644700
T1-33A-23,A,33A,Premium Suite B,End,North East,1416,1004640
T1-33A-25,A,33A,Premium Suite C,End,North East,1416,1024640
T1-33A-27,A,33A,SOFO - Deluxe,Int,South East,771,654700
T1-33A-29,A,33A,SOFO - Standard,Int,South East,644,560800
T1-35-01,A,35,SOFO - Standard,Int,North West,644,590800
T1-35-02,A,35,Premium Suite A,Cor,South West,1308,958200
T1-35-03,A,35,SOFO - Standard,Int,North West,644,570800
T1-35-02A,A,35,Premium Suite C,Int,South East,1416,1009640
T1-35-05,A,35,SOFO - Standard,Int,North West,644,570800
T1-35-06,A,35,SOFO - Deluxe,End,South East,771,672700
T1-35-07,A,35,SOFO - Standard,End,North West,644,588800
T1-35-08,A,35,SOFO - Deluxe,End,South West,771,662700
T1-35-09,A,35,Premium Suite B,End,North East,1416,1007640
T1-35-10,A,35,Premium Suite B,Int,South West,1416,1009640
T1-35-11,A,35,SOFO - Deluxe,Int,North East,771,649700
T1-35-12,A,35,SOFO - Standard,End,South West,644,573800
T1-35-13,A,35,SOFO - Deluxe,Int,North East,771,659700
T1-35-12A,A,35,SOFO - Deluxe,End,North West,771,672700
T1-35-15,A,35,SOFO - Standard,Int,North East,644,570800
T1-35-16A,A,35,SOFO - Deluxe,Int,North West,771,714700
T1-35-16B,A,35,SOFO - Standard,Int,North West,644,615800
T1-35-17,A,35,SOFO - Standard,Int,North East,644,570800
T1-35-18,A,35,Premium Suite A,Cor,South West,1308,958200
T1-35-19,A,35,SOFO - Deluxe,Int,North East,771,659700
T1-35-21,A,35,SOFO - Deluxe,Int,North East,771,649700
T1-35-23,A,35,Premium Suite B,End,North East,1416,1007640
T1-35-25,A,35,Premium Suite C,End,North East,1416,1027640
T1-35-27,A,35,SOFO - Deluxe,Int,South East,771,659700
T1-35-29,A,35,SOFO - Standard,Int,South East,644,565800
T1-36-01,A,36,SOFO - Standard,Int,North West,644,595800
T1-36-02,A,36,Premium Suite A,Cor,South West,1308,961200
T1-36-03,A,36,SOFO - Standard,Int,North West,644,575800
T1-36-02A,A,36,Premium Suite C,Int,South East,1416,1012640
T1-36-05,A,36,SOFO - Standard,Int,North West,644,575800
T1-36-06,A,36,SOFO - Deluxe,End,South East,771,677700
T1-36-07,A,36,SOFO - Standard,End,North West,644,593800
T1-36-08,A,36,SOFO - Deluxe,End,South West,771,667700
T1-36-09,A,36,Premium Suite B,End,North East,1416,1010640
T1-36-10,A,36,Premium Suite B,Int,South West,1416,1012640
T1-36-11,A,36,SOFO - Deluxe,Int,North East,771,654700
T1-36-12,A,36,SOFO - Standard,End,South West,644,578800
T1-36-13,A,36,SOFO - Deluxe,Int,North East,771,664700
T1-36-12A,A,36,SOFO - Deluxe,End,North West,771,677700
T1-36-15,A,36,SOFO - Standard,Int,North East,644,575800
T1-36-16A,A,36,SOFO - Deluxe,Int,North West,771,719700
T1-36-16B,A,36,SOFO - Standard,Int,North West,644,620800
T1-36-17,A,36,SOFO - Standard,Int,North East,644,575800
T1-36-18,A,36,Premium Suite A,Cor,South West,1308,961200
T1-36-19,A,36,SOFO - Deluxe,Int,North East,771,664700
T1-36-21,A,36,SOFO - Deluxe,Int,North East,771,654700
T1-36-23,A,36,Premium Suite B,End,North East,1416,1010640
T1-36-25,A,36,Premium Suite C,End,North East,1416,1030640
T1-36-27,A,36,SOFO - Deluxe,Int,South East,771,664700
T1-36-29,A,36,SOFO - Standard,Int,South East,644,570800
T2-09-05,B,9,Premium Suite B,End,North East,1416,969640
T2-09-07,B,9,Premium Suite B,Int,North East,1416,961640
T2-09-09,B,9,SOFO - Deluxe,Int,North East,771,607410
T2-09-10,B,9,SOFO - Standard,End,South West,644,470240
T2-09-11,B,9,SOFO - Deluxe,Int,North East,771,607410
T2-09-12,B,9,SOFO - Standard,Int,South West,644,467240
T2-09-13,B,9,SOFO - Deluxe,Int,North East,771,607410
T2-09-12A,B,9,SOFO - Standard,Int,South West,644,467240
T2-09-15,B,9,SOFO - Deluxe,Int,North East,771,577410
T2-09-16,B,9,SOFO - Standard,Int,South West,644,467240
T2-09-17,B,9,SOFO - Deluxe,Int,North East,771,577410
T2-09-18,B,9,SOFO - Standard,Int,South West,644,477240
T2-09-19,B,9,SOFO - Deluxe,Cor,North East,771,597410
T2-09-20,B,9,SOFO - Deluxe,Cor,South West,771,592410
T2-10-03A,B,10,SOFO - Deluxe,Int,North West,771,581410
T2-10-03B,B,10,SOFO - Deluxe,End,North West,771,579410
T2-10-05,B,10,Premium Suite B,End,North East,1416,971640
T2-10-07,B,10,Premium Suite B,Int,North East,1416,963640
T2-10-08,B,10,SOFO - Deluxe,Cor,South East,771,601410
T2-10-09,B,10,SOFO - Deluxe,Int,North East,771,611410
T2-10-10,B,10,SOFO - Standard,End,South West,644,474240
T2-10-11,B,10,SOFO - Deluxe,Int,North East,771,611410
T2-10-12,B,10,SOFO - Standard,Int,South West,644,471240
T2-10-13,B,10,SOFO - Deluxe,Int,North East,771,611410
T2-10-12A,B,10,SOFO - Standard,Int,South West,644,471240
T2-10-15,B,10,SOFO - Deluxe,Int,North East,771,581410
T2-10-16,B,10,SOFO - Standard,Int,South West,644,471240
T2-10-17,B,10,SOFO - Deluxe,Int,North East,771,581410
T2-10-18,B,10,SOFO - Standard,Int,South West,644,481240
T2-10-19,B,10,SOFO - Deluxe,Cor,North East,771,596410
T2-10-20,B,10,SOFO - Deluxe,Cor,South West,771,596410
T2-11-03A,B,11,SOFO - Deluxe,Int,North West,771,585410
T2-11-03B,B,11,SOFO - Deluxe,End,North West,771,583410
T2-11-05,B,11,Premium Suite B,End,North East,1416,973640
T2-11-07,B,11,Premium Suite B,Int,North East,1416,965640
T2-11-08,B,11,SOFO - Deluxe,Cor,South East,771,605410
T2-11-09,B,11,SOFO - Deluxe,Int,North East,771,615410
T2-11-10,B,11,SOFO - Standard,End,South West,644,478240
T2-11-11,B,11,SOFO - Deluxe,Int,North East,771,615410
T2-11-12,B,11,SOFO - Standard,Int,South West,644,475240
T2-11-13,B,11,SOFO - Deluxe,Int,North East,771,615410
T2-11-12A,B,11,SOFO - Standard,Int,South West,644,475240
T2-11-15,B,11,SOFO - Deluxe,Int,North East,771,585410
T2-11-16,B,11,SOFO - Standard,Int,South West,644,475240
T2-11-17,B,11,SOFO - Deluxe,Int,North East,771,585410
T2-11-18,B,11,SOFO - Standard,Int,South West,644,485240
T2-11-19,B,11,SOFO - Deluxe,Cor,North East,771,600410
T2-11-20,B,11,SOFO - Deluxe,Cor,South West,771,600410
T2-12-01A,B,12,SOFO - Deluxe,Int,North West,771,584410
T2-12-01B,B,12,SOFO - Deluxe,Int,North West,771,589410
T2-12-02,B,12,Premium Suite A,Cor,South West,1308,891200
T2-12-03A,B,12,SOFO - Deluxe,Int,North West,771,589410
T2-12-03B,B,12,SOFO - Deluxe,End,North West,771,587410
T2-12-02A,B,12,SOFO - Deluxe,Int,South East,771,589410
T2-12-05,B,12,Premium Suite B,End,North East,1416,975640
T2-12-06,B,12,SOFO - Deluxe,Int,South East,771,589410
T2-12-07,B,12,Premium Suite B,Int,North East,1416,967640
T2-12-08,B,12,SOFO - Deluxe,End,South East,771,597410
T2-12-09,B,12,SOFO - Deluxe,Int,North East,771,619410
T2-12-10,B,12,SOFO - Standard,End,South West,644,492240
T2-12-11,B,12,SOFO - Deluxe,Int,North East,771,619410
T2-12-12,B,12,SOFO - Standard,Int,South West,644,489240
T2-12-13,B,12,SOFO - Deluxe,Int,North East,771,619410
T2-12-12A,B,12,SOFO - Standard,Int,South West,644,489240
T2-12-15,B,12,SOFO - Deluxe,Int,North East,771,589410
T2-12-16,B,12,SOFO - Standard,Int,South West,644,489240
T2-12-17,B,12,SOFO - Deluxe,Int,North East,771,589410
T2-12-18,B,12,SOFO - Standard,Int,South West,644,489240
T2-12-19,B,12,SOFO - Deluxe,Cor,North East,771,604410
T2-12-20,B,12,SOFO - Deluxe,Cor,South West,771,604410
T2-13-01A,B,13,SOFO - Deluxe,Int,North West,771,588410
T2-13-01B,B,13,SOFO - Deluxe,Int,North West,771,593410
T2-13-02,B,13,Premium Suite A,Cor,South West,1308,893200
T2-13-03A,B,13,SOFO - Deluxe,Int,North West,771,593410
T2-13-03B,B,13,SOFO - Deluxe,End,North West,771,591410
T2-13-02A,B,13,SOFO - Deluxe,Int,South East,771,593410
T2-13-05,B,13,Premium Suite B,End,North East,1416,977640
T2-13-06,B,13,SOFO - Deluxe,Int,South East,771,593410
T2-13-07,B,13,Premium Suite B,Int,North East,1416,969640
T2-13-08,B,13,SOFO - Deluxe,End,South East,771,601410
T2-13-09,B,13,SOFO - Deluxe,Int,North East,771,623410
T2-13-10,B,13,SOFO - Standard,End,South West,644,516240
T2-13-11,B,13,SOFO - Deluxe,Int,North East,771,623410
T2-13-12,B,13,SOFO - Standard,Int,South West,644,513240
T2-13-13,B,13,SOFO - Deluxe,Int,North East,771,623410
T2-13-12A,B,13,SOFO - Standard,Int,South West,644,513240
T2-13-15,B,13,SOFO - Deluxe,Int,North East,771,593410
T2-13-16,B,13,SOFO - Standard,Int,South West,644,493240
T2-13-17,B,13,SOFO - Deluxe,Int,North East,771,593410
T2-13-18,B,13,SOFO - Standard,Int,South West,644,493240
T2-13-19,B,13,SOFO - Deluxe,Cor,North East,771,608410
T2-13-20,B,13,SOFO - Deluxe,Cor,South West,771,608410
T2-13A-01A,B,13A,SOFO - Deluxe,Int,North West,771,592410
T2-13A-01B,B,13A,SOFO - Deluxe,Int,North West,771,597410
T2-13A-02,B,13A,Premium Suite A,Cor,South West,1308,895200
T2-13A-03A,B,13A,SOFO - Deluxe,Int,North West,771,597410
T2-13A-03B,B,13A,SOFO - Deluxe,End,North West,771,595410
T2-13A-02A,B,13A,SOFO - Deluxe,Int,South East,771,597410
T2-13A-05,B,13A,Premium Suite B,End,North East,1416,979640
T2-13A-06,B,13A,SOFO - Deluxe,Int,South East,771,597410
T2-13A-07,B,13A,Premium Suite B,Int,North East,1416,971640
T2-13A-08,B,13A,SOFO - Deluxe,End,South East,771,605410
T2-13A-09,B,13A,SOFO - Deluxe,Int,North East,771,627410
T2-13A-10,B,13A,SOFO - Standard,End,South West,644,520240
T2-13A-11,B,13A,SOFO - Deluxe,Int,North East,771,627410
T2-13A-12,B,13A,SOFO - Standard,Int,South West,644,517240
T2-13A-13,B,13A,SOFO - Deluxe,Int,North East,771,627410
T2-13A-12A,B,13A,SOFO - Standard,Int,South West,644,517240
T2-13A-15,B,13A,SOFO - Deluxe,Int,North East,771,597410
T2-13A-16,B,13A,SOFO - Standard,Int,South West,644,497240
T2-13A-17,B,13A,SOFO - Deluxe,Int,North East,771,597410
T2-13A-18,B,13A,SOFO - Standard,Int,South West,644,497240
T2-13A-19,B,13A,SOFO - Deluxe,Cor,North East,771,612410
T2-13A-20,B,13A,SOFO - Deluxe,Cor,South West,771,612410
T2-15-01A,B,15,SOFO - Deluxe,Int,North West,771,596410
T2-15-01B,B,15,SOFO - Deluxe,Int,North West,771,601410
T2-15-02,B,15,Premium Suite A,Cor,South West,1308,897200
T2-15-03A,B,15,SOFO - Deluxe,Int,North West,771,601410
T2-15-03B,B,15,SOFO - Deluxe,End,North West,771,599410
T2-15-02A,B,15,SOFO - Deluxe,Int,South East,771,601410
T2-15-05,B,15,Premium Suite B,End,North East,1416,981640
T2-15-06,B,15,SOFO - Deluxe,Int,South East,771,601410
T2-15-07,B,15,Premium Suite B,Int,North East,1416,973640
T2-15-08,B,15,SOFO - Deluxe,End,South East,771,609410
T2-15-09,B,15,SOFO - Deluxe,Int,North East,771,631410
T2-15-10,B,15,SOFO - Standard,End,South West,644,524240
T2-15-11,B,15,SOFO - Deluxe,Int,North East,771,631410
T2-15-12,B,15,SOFO - Standard,Int,South West,644,521240
T2-15-13,B,15,SOFO - Deluxe,Int,North East,771,631410
T2-15-12A,B,15,SOFO - Standard,Int,South West,644,521240
T2-15-15,B,15,SOFO - Deluxe,Int,North East,771,601410
T2-15-16,B,15,SOFO - Standard,Int,South West,644,501240
T2-15-17,B,15,SOFO - Deluxe,Int,North East,771,601410
T2-15-18,B,15,SOFO - Standard,Int,South West,644,501240
T2-15-19,B,15,SOFO - Deluxe,Cor,North East,771,616410
T2-15-20,B,15,SOFO - Deluxe,Cor,South West,771,616410
T2-16-01A,B,16,SOFO - Deluxe,Int,North West,771,600410
T2-16-01B,B,16,SOFO - Deluxe,Int,North West,771,605410
T2-16-02,B,16,Premium Suite A,Cor,South West,1308,899200
T2-16-03A,B,16,SOFO - Deluxe,Int,North West,771,605410
T2-16-03B,B,16,SOFO - Deluxe,End,North West,771,603410
T2-16-02A,B,16,SOFO - Deluxe,Int,South East,771,605410
T2-16-05,B,16,Premium Suite B,End,North East,1416,983640
T2-16-06,B,16,SOFO - Deluxe,Int,South East,771,605410
T2-16-07,B,16,Premium Suite B,Int,North East,1416,975640
T2-16-08,B,16,SOFO - Deluxe,End,South East,771,613410
T2-16-09,B,16,SOFO - Deluxe,Int,North East,771,635410
T2-16-10,B,16,SOFO - Standard,End,South West,644,528240
T2-16-11,B,16,SOFO - Deluxe,Int,North East,771,635410
T2-16-12,B,16,SOFO - Standard,Int,South West,644,525240
T2-16-13,B,16,SOFO - Deluxe,Int,North East,771,635410
T2-16-12A,B,16,SOFO - Standard,Int,South West,644,525240
T2-16-15,B,16,SOFO - Deluxe,Int,North East,771,605410
T2-16-16,B,16,SOFO - Standard,Int,South West,644,505240
T2-16-17,B,16,SOFO - Deluxe,Int,North East,771,605410
T2-16-18,B,16,SOFO - Standard,Int,South West,644,505240
T2-16-19,B,16,SOFO - Deluxe,Cor,North East,771,620410
T2-16-20,B,16,SOFO - Deluxe,Cor,South West,771,620410
T2-17-01A,B,17,SOFO - Deluxe,Int,North West,771,604410
T2-17-01B,B,17,SOFO - Deluxe,Int,North West,771,609410
T2-17-02,B,17,Premium Suite A,Cor,South West,1308,901200
T2-17-03A,B,17,SOFO - Deluxe,Int,North West,771,609410
T2-17-03B,B,17,SOFO - Deluxe,End,North West,771,617410
T2-17-02A,B,17,SOFO - Deluxe,Int,South East,771,609410
T2-17-06,B,17,SOFO - Deluxe,Int,South East,771,609410
T2-17-07,B,17,SOFO - Deluxe,Int,North East,771,629410
T2-17-08,B,17,SOFO - Deluxe,End,South East,771,622410
T2-17-09,B,17,SOFO - Deluxe,Int,North East,771,639410
T2-17-10,B,17,SOFO - Standard,End,South West,644,532240
T2-17-11,B,17,SOFO - Deluxe,Int,North East,771,639410
T2-17-12,B,17,SOFO - Standard,Int,South West,644,529240
T2-17-13,B,17,SOFO - Deluxe,Int,North East,771,639410
T2-17-12A,B,17,SOFO - Standard,Int,South West,644,529240
T2-17-15,B,17,SOFO - Deluxe,Int,North East,771,609410
T2-17-16,B,17,SOFO - Standard,Int,South West,644,509240
T2-17-17,B,17,SOFO - Deluxe,Int,North East,771,609410
T2-17-18,B,17,SOFO - Standard,Int,South West,644,509240
T2-17-19,B,17,SOFO - Deluxe,Cor,North East,771,624410
T2-17-20,B,17,SOFO - Deluxe,Cor,South West,771,624410
T2-18-01A,B,18,SOFO - Deluxe,Int,North West,771,608410
T2-18-01B,B,18,SOFO - Deluxe,Int,North West,771,613410
T2-18-02,B,18,Premium Suite A,Cor,South West,1308,903200
T2-18-03A,B,18,SOFO - Deluxe,Int,North West,771,613410
T2-18-03B,B,18,SOFO - Deluxe,End,North West,771,611410
T2-18-02A,B,18,SOFO - Deluxe,Int,South East,771,613410
T2-18-05,B,18,Premium Suite B,End,North East,1416,987640
T2-18-06,B,18,SOFO - Deluxe,Int,South East,771,613410
T2-18-07,B,18,Premium Suite B,Int,North East,1416,979640
T2-18-08,B,18,SOFO - Deluxe,End,South East,771,621410
T2-18-09,B,18,SOFO - Deluxe,Int,North East,771,643410
T2-18-10,B,18,SOFO - Standard,End,South West,644,536240
T2-18-11,B,18,SOFO - Deluxe,Int,North East,771,643410
T2-18-12,B,18,SOFO - Standard,Int,South West,644,533240
T2-18-13,B,18,SOFO - Deluxe,Int,North East,771,643410
T2-18-12A,B,18,SOFO - Standard,Int,South West,644,533240
T2-18-15,B,18,SOFO - Deluxe,Int,North East,771,613410
T2-18-16,B,18,SOFO - Standard,Int,South West,644,513240
T2-18-17,B,18,SOFO - Deluxe,Int,North East,771,613410
T2-18-18,B,18,SOFO - Standard,Int,South West,644,513240
T2-18-19,B,18,SOFO - Deluxe,Cor,North East,771,628410
T2-18-20,B,18,SOFO - Deluxe,Cor,South West,771,628410
T2-19-01A,B,19,SOFO - Deluxe,Int,North West,771,612410
T2-19-01B,B,19,SOFO - Deluxe,Int,North West,771,617410
T2-19-02,B,19,Premium Suite A,Cor,South West,1308,905200
T2-19-03A,B,19,SOFO - Deluxe,Int,North West,771,617410
T2-19-03B,B,19,SOFO - Deluxe,End,North West,771,615410
T2-19-02A,B,19,SOFO - Deluxe,Int,South East,771,617410
T2-19-05,B,19,Premium Suite B,End,North East,1416,989640
T2-19-06,B,19,SOFO - Deluxe,Int,South East,771,617410
T2-19-07,B,19,Premium Suite B,Int,North East,1416,981640
T2-19-08,B,19,SOFO - Deluxe,End,South East,771,625410
T2-19-09,B,19,SOFO - Deluxe,Int,North East,771,647410
T2-19-10,B,19,SOFO - Standard,End,South West,644,540240
T2-19-11,B,19,SOFO - Deluxe,Int,North East,771,647410
T2-19-12,B,19,SOFO - Standard,Int,South West,644,537240
T2-19-13,B,19,SOFO - Deluxe,Int,North East,771,647410
T2-19-12A,B,19,SOFO - Standard,Int,South West,644,537240
T2-19-15,B,19,SOFO - Deluxe,Int,North East,771,617410
T2-19-16,B,19,SOFO - Standard,Int,South West,644,517240
T2-19-17,B,19,SOFO - Deluxe,Int,North East,771,617410
T2-19-18,B,19,SOFO - Standard,Int,South West,644,517240
T2-19-19,B,19,SOFO - Deluxe,Cor,North East,771,632410
T2-19-20,B,19,SOFO - Deluxe,Cor,South West,771,632410
T2-20-01A,B,20,SOFO - Deluxe,Int,North West,771,617410
T2-20-01B,B,20,SOFO - Deluxe,Int,North West,771,622410
T2-20-02,B,20,Premium Suite A,Cor,South West,1308,913200
T2-20-03A,B,20,SOFO - Deluxe,Int,North West,771,622410
T2-20-03B,B,20,SOFO - Deluxe,End,North West,771,620410
T2-20-02A,B,20,SOFO - Deluxe,Int,South East,771,622410
T2-20-05,B,20,Premium Suite B,End,North East,1416,992640
T2-20-06,B,20,SOFO - Deluxe,Int,South East,771,622410
T2-20-07,B,20,Premium Suite B,Int,North East,1416,984640
T2-20-08,B,20,SOFO - Deluxe,End,South East,771,630410
T2-20-09,B,20,SOFO - Deluxe,Int,North East,771,652410
T2-20-10,B,20,SOFO - Standard,End,South West,644,550240
T2-20-11,B,20,SOFO - Deluxe,Int,North East,771,652410
T2-20-12,B,20,SOFO - Standard,Int,South West,644,547240
T2-20-13,B,20,SOFO - Deluxe,Int,North East,771,652410
T2-20-12A,B,20,SOFO - Standard,Int,South West,644,547240
T2-20-15,B,20,SOFO - Deluxe,Int,North East,771,622410
T2-20-16,B,20,SOFO - Standard,Int,South West,644,522240
T2-20-17,B,20,SOFO - Deluxe,Int,North East,771,622410
T2-20-18,B,20,SOFO - Standard,Int,South West,644,522240
T2-20-19,B,20,SOFO - Deluxe,Cor,North East,771,637410
T2-20-20,B,20,SOFO - Deluxe,Cor,South West,771,637410
T2-21-01A,B,21,SOFO - Deluxe,Int,North West,771,622410
T2-21-01B,B,21,SOFO - Deluxe,Int,North West,771,627410
T2-21-02,B,21,Premium Suite A,Cor,South West,1308,916200
T2-21-03A,B,21,SOFO - Deluxe,Int,North West,771,627410
T2-21-03B,B,21,SOFO - Deluxe,End,North West,771,625410
T2-21-02A,B,21,SOFO - Deluxe,Int,South East,771,627410
T2-21-05,B,21,Premium Suite B,End,North East,1416,995640
T2-21-06,B,21,SOFO - Deluxe,Int,South East,771,627410
T2-21-07,B,21,Premium Suite B,Int,North East,1416,987640
T2-21-08,B,21,SOFO - Deluxe,End,South East,771,635410
T2-21-09,B,21,SOFO - Deluxe,Int,North East,771,657410
T2-21-10,B,21,SOFO - Standard,End,South West,644,555240
T2-21-11,B,21,SOFO - Deluxe,Int,North East,771,657410
T2-21-12,B,21,SOFO - Standard,Int,South West,644,552240
T2-21-13,B,21,SOFO - Deluxe,Int,North East,771,657410
T2-21-12A,B,21,SOFO - Standard,Int,South West,644,552240
T2-21-15,B,21,SOFO - Deluxe,Int,North East,771,627410
T2-21-16,B,21,SOFO - Standard,Int,South West,644,527240
T2-21-17,B,21,SOFO - Deluxe,Int,North East,771,627410
T2-21-18,B,21,SOFO - Standard,Int,South West,644,527240
T2-21-19,B,21,SOFO - Deluxe,Cor,North East,771,642410
T2-21-20,B,21,SOFO - Deluxe,Cor,South West,771,642410
T2-22-01A,B,22,SOFO - Deluxe,Int,North West,771,627410
T2-22-01B,B,22,SOFO - Deluxe,Int,North West,771,632410
T2-22-02,B,22,Premium Suite A,Cor,South West,1308,919200
T2-22-03A,B,22,SOFO - Deluxe,Int,North West,771,632410
T2-22-03B,B,22,SOFO - Deluxe,End,North West,771,640410
T2-22-02A,B,22,SOFO - Deluxe,Int,South East,771,632410
T2-22-05,B,22,Premium Suite B,End,North East,1416,998640
T2-22-06,B,22,SOFO - Deluxe,Int,South East,771,632410
T2-22-07,B,22,Premium Suite B,Int,North East,1416,990640
T2-22-08,B,22,SOFO - Deluxe,End,South East,771,645410
T2-22-09,B,22,SOFO - Deluxe,Int,North East,771,662410
T2-22-10,B,22,SOFO - Standard,End,South West,644,560240
T2-22-11,B,22,SOFO - Deluxe,Int,North East,771,662410
T2-22-12,B,22,SOFO - Standard,Int,South West,644,557240
T2-22-13,B,22,SOFO - Deluxe,Int,North East,771,662410
T2-22-12A,B,22,SOFO - Standard,Int,South West,644,557240
T2-22-15,B,22,SOFO - Deluxe,Int,North East,771,632410
T2-22-16,B,22,SOFO - Standard,Int,South West,644,532240
T2-22-17,B,22,SOFO - Deluxe,Int,North East,771,632410
T2-22-18,B,22,SOFO - Standard,Int,South West,644,532240
T2-22-19,B,22,SOFO - Deluxe,Cor,North East,771,647410
T2-22-20,B,22,SOFO - Deluxe,Cor,South West,771,647410
T2-23-01A,B,23,SOFO - Deluxe,Int,North West,771,632410
T2-23-01B,B,23,SOFO - Deluxe,Int,North West,771,637410
T2-23-02,B,23,Premium Suite A,Cor,South West,1308,922200
T2-23-03A,B,23,SOFO - Deluxe,Int,North West,771,637410
T2-23-03B,B,23,SOFO - Deluxe,End,North West,771,635410
T2-23-02A,B,23,SOFO - Deluxe,Int,South East,771,637410
T2-23-05,B,23,Premium Suite B,End,North East,1416,1001640
T2-23-06,B,23,SOFO - Deluxe,Int,South East,771,637410
T2-23-07,B,23,Premium Suite B,Int,North East,1416,993640
T2-23-08,B,23,SOFO - Deluxe,End,South East,771,645410
T2-23-09,B,23,SOFO - Deluxe,Int,North East,771,667410
T2-23-10,B,23,SOFO - Standard,End,South West,644,565240
T2-23-11,B,23,SOFO - Deluxe,Int,North East,771,667410
T2-23-12,B,23,SOFO - Standard,Int,South West,644,562240
T2-23-13,B,23,SOFO - Deluxe,Int,North East,771,667410
T2-23-12A,B,23,SOFO - Standard,Int,South West,644,562240
T2-23-15,B,23,SOFO - Deluxe,Int,North East,771,637410
T2-23-16,B,23,SOFO - Standard,Int,South West,644,537240
T2-23-17,B,23,SOFO - Deluxe,Int,North East,771,637410
T2-23-18,B,23,SOFO - Standard,Int,South West,644,537240
T2-23-19,B,23,SOFO - Deluxe,Cor,North East,771,652410
T2-23-20,B,23,SOFO - Deluxe,Cor,South West,771,652410
T2-23A-01A,B,23A,SOFO - Deluxe,Int,North West,771,637410
T2-23A-01B,B,23A,SOFO - Deluxe,Int,North West,771,642410
T2-23A-02,B,23A,Premium Suite A,Cor,South West,1308,925200
T2-23A-03A,B,23A,SOFO - Deluxe,Int,North West,771,642410
T2-23A-03B,B,23A,SOFO - Deluxe,End,North West,771,640410
T2-23A-02A,B,23A,SOFO - Deluxe,Int,South East,771,642410
T2-23A-05,B,23A,Premium Suite B,End,North East,1416,1004640
T2-23A-06,B,23A,SOFO - Deluxe,Int,South East,771,642410
T2-23A-07,B,23A,Premium Suite B,Int,North East,1416,996640
T2-23A-08,B,23A,SOFO - Deluxe,End,South East,771,650410
T2-23A-09,B,23A,SOFO - Deluxe,Int,North East,771,672410
T2-23A-10,B,23A,SOFO - Standard,End,South West,644,570240
T2-23A-11,B,23A,SOFO - Deluxe,Int,North East,771,672410
T2-23A-12,B,23A,SOFO - Standard,Int,South West,644,567240
T2-23A-13,B,23A,SOFO - Deluxe,Int,North East,771,672410
T2-23A-12A,B,23A,SOFO - Standard,Int,South West,644,567240
T2-23A-15,B,23A,SOFO - Deluxe,Int,North East,771,642410
T2-23A-16,B,23A,SOFO - Standard,Int,South West,644,542240
T2-23A-17,B,23A,SOFO - Deluxe,Int,North East,771,642410
T2-23A-18,B,23A,SOFO - Standard,Int,South West,644,542240
T2-23A-19,B,23A,SOFO - Deluxe,Cor,North East,771,657410
T2-23A-20,B,23A,SOFO - Deluxe,Cor,South West,771,657410
T2-25-01A,B,25,SOFO - Deluxe,Int,North West,771,642410
T2-25-01B,B,25,SOFO - Deluxe,Int,North West,771,647410
T2-25-02,B,25,Premium Suite A,Cor,South West,1308,928200
T2-25-03A,B,25,SOFO - Deluxe,Int,North West,771,647410
T2-25-03B,B,25,SOFO - Deluxe,End,North West,771,645410
T2-25-02A,B,25,SOFO - Deluxe,Int,South East,771,647410
T2-25-05,B,25,Premium Suite B,End,North East,1416,1007640
T2-25-06,B,25,SOFO - Deluxe,Int,South East,771,647410
T2-25-07,B,25,Premium Suite B,Int,North East,1416,999640
T2-25-08,B,25,SOFO - Deluxe,End,South East,771,655410
T2-25-09,B,25,SOFO - Deluxe,Int,North East,771,677410
T2-25-10,B,25,SOFO - Standard,End,South West,644,575240
T2-25-11,B,25,SOFO - Deluxe,Int,North East,771,677410
T2-25-12,B,25,SOFO - Standard,Int,South West,644,572240
T2-25-13,B,25,SOFO - Deluxe,Int,North East,771,677410
T2-25-12A,B,25,SOFO - Standard,Int,South West,644,572240
T2-25-15,B,25,SOFO - Deluxe,Int,North East,771,647410
T2-25-16,B,25,SOFO - Standard,Int,South West,644,547240
T2-25-17,B,25,SOFO - Deluxe,Int,North East,771,647410
T2-25-18,B,25,SOFO - Standard,Int,South West,644,547240
T2-25-19,B,25,SOFO - Deluxe,Cor,North East,771,662410
T2-25-20,B,25,SOFO - Deluxe,Cor,South West,771,662410
T2-26-01A,B,26,SOFO - Deluxe,Int,North West,771,647410
T2-26-01B,B,26,SOFO - Deluxe,Int,North West,771,652410
T2-26-02,B,26,Premium Suite A,Cor,South West,1308,931200
T2-26-03A,B,26,SOFO - Deluxe,Int,North West,771,652410
T2-26-03B,B,26,SOFO - Deluxe,End,North West,771,650410
T2-26-02A,B,26,SOFO - Deluxe,Int,South East,771,652410
T2-26-05,B,26,Premium Suite B,End,North East,1416,1010640
T2-26-06,B,26,SOFO - Deluxe,Int,South East,771,652410
T2-26-07,B,26,Premium Suite B,Int,North East,1416,1002640
T2-26-08,B,26,SOFO - Deluxe,End,South East,771,660410
T2-26-09,B,26,SOFO - Deluxe,Int,North East,771,682410
T2-26-10,B,26,SOFO - Standard,End,South West,644,580240
T2-26-11,B,26,SOFO - Deluxe,Int,North East,771,682410
T2-26-12,B,26,SOFO - Standard,Int,South West,644,577240
T2-26-13,B,26,SOFO - Deluxe,Int,North East,771,682410
T2-26-12A,B,26,SOFO - Standard,Int,South West,644,577240
T2-26-15,B,26,SOFO - Deluxe,Int,North East,771,652410
T2-26-16,B,26,SOFO - Standard,Int,South West,644,552240
T2-26-17,B,26,SOFO - Deluxe,Int,North East,771,652410
T2-26-18,B,26,SOFO - Standard,Int,South West,644,552240
T2-26-19,B,26,SOFO - Deluxe,Cor,North East,771,667410
T2-26-20,B,26,SOFO - Deluxe,Cor,South West,771,667410
T2-27-01A,B,27,SOFO - Deluxe,Int,North West,771,652410
T2-27-01B,B,27,SOFO - Deluxe,Int,North West,771,657410
T2-27-02,B,27,Premium Suite A,Cor,South West,1308,934200
T2-27-03A,B,27,SOFO - Deluxe,Int,North West,771,657410
T2-27-03B,B,27,SOFO - Deluxe,End,North West,771,665410
T2-27-02A,B,27,SOFO - Deluxe,Int,South East,771,657410
T2-27-05,B,27,Premium Suite B,End,North East,1416,1013640
T2-27-06,B,27,SOFO - Deluxe,Int,South East,771,657410
T2-27-07,B,27,Premium Suite B,Int,North East,1416,1005640
T2-27-08,B,27,SOFO - Deluxe,End,South East,771,670410
T2-27-09,B,27,SOFO - Deluxe,Int,North East,771,687410
T2-27-10,B,27,SOFO - Standard,End,South West,644,585240
T2-27-11,B,27,SOFO - Deluxe,Int,North East,771,687410
T2-27-12,B,27,SOFO - Standard,Int,South West,644,582240
T2-27-13,B,27,SOFO - Deluxe,Int,North East,771,687410
T2-27-12A,B,27,SOFO - Standard,Int,South West,644,582240
T2-27-15,B,27,SOFO - Deluxe,Int,North East,771,657410
T2-27-16,B,27,SOFO - Standard,Int,South West,644,557240
T2-27-17,B,27,SOFO - Deluxe,Int,North East,771,657410
T2-27-18,B,27,SOFO - Standard,Int,South West,644,557240
T2-27-19,B,27,SOFO - Deluxe,Cor,North East,771,672410
T2-27-20,B,27,SOFO - Deluxe,Cor,South West,771,672410
T2-28-01A,B,28,SOFO - Deluxe,Int,North West,771,657410
T2-28-01B,B,28,SOFO - Deluxe,Int,North West,771,662410
T2-28-02,B,28,Premium Suite A,Cor,South West,1308,937200
T2-28-03A,B,28,SOFO - Deluxe,Int,North West,771,662410
T2-28-03B,B,28,SOFO - Deluxe,End,North West,771,660410
T2-28-02A,B,28,SOFO - Deluxe,Int,South East,771,662410
T2-28-05,B,28,Premium Suite B,End,North East,1416,1016640
T2-28-06,B,28,SOFO - Deluxe,Int,South East,771,662410
T2-28-07,B,28,Premium Suite B,Int,North East,1416,1008640
T2-28-08,B,28,SOFO - Deluxe,End,South East,771,670410
T2-28-09,B,28,SOFO - Deluxe,Int,North East,771,692410
T2-28-10,B,28,SOFO - Standard,End,South West,644,590240
T2-28-11,B,28,SOFO - Deluxe,Int,North East,771,692410
T2-28-12,B,28,SOFO - Standard,Int,South West,644,587240
T2-28-13,B,28,SOFO - Deluxe,Int,North East,771,692410
T2-28-12A,B,28,SOFO - Standard,Int,South West,644,587240
T2-28-15,B,28,SOFO - Deluxe,Int,North East,771,662410
T2-28-16,B,28,SOFO - Standard,Int,South West,644,562240
T2-28-17,B,28,SOFO - Deluxe,Int,North East,771,662410
T2-28-18,B,28,SOFO - Standard,Int,South West,644,562240
T2-28-19,B,28,SOFO - Deluxe,Cor,North East,771,677410
T2-28-20,B,28,SOFO - Deluxe,Cor,South West,771,677410
T2-29-01A,B,29,SOFO - Deluxe,Int,North West,771,662410
T2-29-01B,B,29,SOFO - Deluxe,Int,North West,771,667410
T2-29-02,B,29,Premium Suite A,Cor,South West,1308,940200
T2-29-03A,B,29,SOFO - Deluxe,Int,North West,771,667410
T2-29-03B,B,29,SOFO - Deluxe,End,North West,771,665410
T2-29-02A,B,29,SOFO - Deluxe,Int,South East,771,667410
T2-29-05,B,29,Premium Suite B,End,North East,1416,1019640
T2-29-06,B,29,SOFO - Deluxe,Int,South East,771,667410
T2-29-07,B,29,Premium Suite B,Int,North East,1416,1011640
T2-29-08,B,29,SOFO - Deluxe,End,South East,771,675410
T2-29-09,B,29,SOFO - Deluxe,Int,North East,771,697410
T2-29-10,B,29,SOFO - Standard,End,South West,644,595240
T2-29-11,B,29,SOFO - Deluxe,Int,North East,771,697410
T2-29-12,B,29,SOFO - Standard,Int,South West,644,592240
T2-29-13,B,29,SOFO - Deluxe,Int,North East,771,697410
T2-29-12A,B,29,SOFO - Standard,Int,South West,644,592240
T2-29-15,B,29,SOFO - Deluxe,Int,North East,771,667410
T2-29-16,B,29,SOFO - Standard,Int,South West,644,567240
T2-29-17,B,29,SOFO - Deluxe,Int,North East,771,667410
T2-29-18,B,29,SOFO - Standard,Int,South West,644,567240
T2-29-19,B,29,SOFO - Deluxe,Cor,North East,771,682410
T2-29-20,B,29,SOFO - Deluxe,Cor,South West,771,682410
T2-30-01A,B,30,SOFO - Deluxe,Int,North West,771,667410
T2-30-01B,B,30,SOFO - Deluxe,Int,North West,771,672410
T2-30-02,B,30,Premium Suite A,Cor,South West,1308,943200
T2-30-03A,B,30,SOFO - Deluxe,Int,North West,771,672410
T2-30-03B,B,30,SOFO - Deluxe,End,North West,771,670410
T2-30-02A,B,30,SOFO - Deluxe,Int,South East,771,672410
T2-30-05,B,30,Premium Suite B,End,North East,1416,1022640
T2-30-06,B,30,SOFO - Deluxe,Int,South East,771,672410
T2-30-07,B,30,Premium Suite B,Int,North East,1416,1014640
T2-30-08,B,30,SOFO - Deluxe,End,South East,771,680410
T2-30-09,B,30,SOFO - Deluxe,Int,North East,771,702410
T2-30-10,B,30,SOFO - Standard,End,South West,644,600240
T2-30-11,B,30,SOFO - Deluxe,Int,North East,771,702410
T2-30-12,B,30,SOFO - Standard,Int,South West,644,597240
T2-30-13,B,30,SOFO - Deluxe,Int,North East,771,702410
T2-30-12A,B,30,SOFO - Standard,Int,South West,644,597240
T2-30-15,B,30,SOFO - Deluxe,Int,North East,771,672410
T2-30-16,B,30,SOFO - Standard,Int,South West,644,572240
T2-30-17,B,30,SOFO - Deluxe,Int,North East,771,672410
T2-30-18,B,30,SOFO - Standard,Int,South West,644,572240
T2-30-19,B,30,SOFO - Deluxe,Cor,North East,771,687410
T2-30-20,B,30,SOFO - Deluxe,Cor,South West,771,687410
T2-31-01A,B,31,SOFO - Deluxe,Int,North West,771,672410
T2-31-01B,B,31,SOFO - Deluxe,Int,North West,771,677410
T2-31-02,B,31,Premium Suite A,Cor,South West,1308,946200
T2-31-03A,B,31,SOFO - Deluxe,Int,North West,771,677410
T2-31-03B,B,31,SOFO - Deluxe,End,North West,771,675410
T2-31-02A,B,31,SOFO - Deluxe,Int,South East,771,677410
T2-31-05,B,31,Premium Suite B,End,North East,1416,1025640
T2-31-06,B,31,SOFO - Deluxe,Int,South East,771,677410
T2-31-07,B,31,Premium Suite B,Int,North East,1416,1017640
T2-31-08,B,31,SOFO - Deluxe,End,South East,771,685410
T2-31-09,B,31,SOFO - Deluxe,Int,North East,771,707410
T2-31-10,B,31,SOFO - Standard,End,South West,644,605240
T2-31-11,B,31,SOFO - Deluxe,Int,North East,771,707410
T2-31-12,B,31,SOFO - Standard,Int,South West,644,602240
T2-31-13,B,31,SOFO - Deluxe,Int,North East,771,707410
T2-31-12A,B,31,SOFO - Standard,Int,South West,644,602240
T2-31-15,B,31,SOFO - Deluxe,Int,North East,771,677410
T2-31-16,B,31,SOFO - Standard,Int,South West,644,577240
T2-31-17,B,31,SOFO - Deluxe,Int,North East,771,677410
T2-31-18,B,31,SOFO - Standard,Int,South West,644,577240
T2-31-19,B,31,SOFO - Deluxe,Cor,North East,771,692410
T2-31-20,B,31,SOFO - Deluxe,Cor,South West,771,692410
T2-32-01A,B,32,SOFO - Deluxe,Int,North West,771,677410
T2-32-01B,B,32,SOFO - Deluxe,Int,North West,771,682410
T2-32-02,B,32,Premium Suite A,Cor,South West,1308,949200
T2-32-03A,B,32,SOFO - Deluxe,Int,North West,771,682410
T2-32-03B,B,32,SOFO - Deluxe,End,North West,771,690410
T2-32-02A,B,32,SOFO - Deluxe,Int,South East,771,682410
T2-32-05,B,32,Premium Suite B,End,North East,1416,1028640
T2-32-06,B,32,SOFO - Deluxe,Int,South East,771,682410
T2-32-07,B,32,Premium Suite B,Int,North East,1416,1020640
T2-32-08,B,32,SOFO - Deluxe,End,South East,771,695410
T2-32-09,B,32,SOFO - Deluxe,Int,North East,771,712410
T2-32-10,B,32,SOFO - Standard,End,South West,644,610240
T2-32-11,B,32,SOFO - Deluxe,Int,North East,771,712410
T2-32-12,B,32,SOFO - Standard,Int,South West,644,607240
T2-32-13,B,32,SOFO - Deluxe,Int,North East,771,712410
T2-32-12A,B,32,SOFO - Standard,Int,South West,644,607240
T2-32-15,B,32,SOFO - Deluxe,Int,North East,771,682410
T2-32-16,B,32,SOFO - Standard,Int,South West,644,582240
T2-32-17,B,32,SOFO - Deluxe,Int,North East,771,682410
T2-32-18,B,32,SOFO - Standard,Int,South West,644,582240
T2-32-19,B,32,SOFO - Deluxe,Cor,North East,771,697410
T2-32-20,B,32,SOFO - Deluxe,Cor,South West,771,697410
T2-33-01A,B,33,SOFO - Deluxe,Int,North West,771,682410
T2-33-01B,B,33,SOFO - Deluxe,Int,North West,771,687410
T2-33-02,B,33,Premium Suite A,Cor,South West,1308,952200
T2-33-03A,B,33,SOFO - Deluxe,Int,North West,771,687410
T2-33-03B,B,33,SOFO - Deluxe,End,North West,771,685410
T2-33-02A,B,33,SOFO - Deluxe,Int,South East,771,687410
T2-33-05,B,33,Premium Suite B,End,North East,1416,1031640
T2-33-06,B,33,SOFO - Deluxe,Int,South East,771,687410
T2-33-07,B,33,Premium Suite B,Int,North East,1416,1023640
T2-33-08,B,33,SOFO - Deluxe,End,South East,771,695410
T2-33-09,B,33,SOFO - Deluxe,Int,North East,771,717410
T2-33-10,B,33,SOFO - Standard,End,South West,644,615240
T2-33-11,B,33,SOFO - Deluxe,Int,North East,771,717410
T2-33-12,B,33,SOFO - Standard,Int,South West,644,612240
T2-33-13,B,33,SOFO - Deluxe,Int,North East,771,717410
T2-33-12A,B,33,SOFO - Standard,Int,South West,644,612240
T2-33-15,B,33,SOFO - Deluxe,Int,North East,771,687410
T2-33-16,B,33,SOFO - Standard,Int,South West,644,587240
T2-33-17,B,33,SOFO - Deluxe,Int,North East,771,687410
T2-33-18,B,33,SOFO - Standard,Int,South West,644,587240
T2-33-19,B,33,SOFO - Deluxe,Cor,North East,771,702410
T2-33-20,B,33,SOFO - Deluxe,Cor,South West,771,702410
T2-33A-01A,B,33A,SOFO - Deluxe,Int,North West,771,687410
T2-33A-01B,B,33A,SOFO - Deluxe,Int,North West,771,692410
T2-33A-02,B,33A,Premium Suite A,Cor,South West,1308,955200
T2-33A-03A,B,33A,SOFO - Deluxe,Int,North West,771,692410
T2-33A-03B,B,33A,SOFO - Deluxe,End,North West,771,690410
T2-33A-02A,B,33A,SOFO - Deluxe,Int,South East,771,692410
T2-33A-05,B,33A,Premium Suite B,End,North East,1416,1034640
T2-33A-06,B,33A,SOFO - Deluxe,Int,South East,771,692410
T2-33A-07,B,33A,Premium Suite B,Int,North East,1416,1026640
T2-33A-08,B,33A,SOFO - Deluxe,End,South East,771,700410
T2-33A-09,B,33A,SOFO - Deluxe,Int,North East,771,722410
T2-33A-10,B,33A,SOFO - Standard,End,South West,644,620240
T2-33A-11,B,33A,SOFO - Deluxe,Int,North East,771,722410
T2-33A-12,B,33A,SOFO - Standard,Int,South West,644,617240
T2-33A-13,B,33A,SOFO - Deluxe,Int,North East,771,722410
T2-33A-12A,B,33A,SOFO - Standard,Int,South West,644,617240
T2-33A-15,B,33A,SOFO - Deluxe,Int,North East,771,692410
T2-33A-16,B,33A,SOFO - Standard,Int,South West,644,592240
T2-33A-17,B,33A,SOFO - Deluxe,Int,North East,771,692410
T2-33A-18,B,33A,SOFO - Standard,Int,South West,644,592240
T2-33A-19,B,33A,SOFO - Deluxe,Cor,North East,771,707410
T2-33A-20,B,33A,SOFO - Deluxe,Cor,South West,771,707410
T2-35-01A,B,35,SOFO - Deluxe,Int,North West,771,692410
T2-35-01B,B,35,SOFO - Deluxe,Int,North West,771,697410
T2-35-02,B,35,Premium Suite A,Cor,South West,1308,958200
T2-35-03A,B,35,SOFO - Deluxe,Int,North West,771,697410
T2-35-03B,B,35,SOFO - Deluxe,End,North West,771,695410
T2-35-02A,B,35,SOFO - Deluxe,Int,South East,771,697410
T2-35-05,B,35,Premium Suite B,End,North East,1416,1037640
T2-35-06,B,35,SOFO - Deluxe,Int,South East,771,697410
T2-35-07,B,35,Premium Suite B,Int,North East,1416,1029640
T2-35-08,B,35,SOFO - Deluxe,End,South East,771,705410
T2-35-09,B,35,SOFO - Deluxe,Int,North East,771,727410
T2-35-10,B,35,SOFO - Standard,End,South West,644,625240
T2-35-11,B,35,SOFO - Deluxe,Int,North East,771,727410
T2-35-12,B,35,SOFO - Standard,Int,South West,644,622240
T2-35-13,B,35,SOFO - Deluxe,Int,North East,771,727410
T2-35-12A,B,35,SOFO - Standard,Int,South West,644,622240
T2-35-15,B,35,SOFO - Deluxe,Int,North East,771,697410
T2-35-16,B,35,SOFO - Standard,Int,South West,644,597240
T2-35-17,B,35,SOFO - Deluxe,Int,North East,771,697410
T2-35-18,B,35,SOFO - Standard,Int,South West,644,597240
T2-35-19,B,35,SOFO - Deluxe,Cor,North East,771,712410
T2-35-20,B,35,SOFO - Deluxe,Cor,South West,771,712410
